dataset,su,reg,threads,tau,iteration,runtime_ms,patterns,peak_MB
BIBLE,0.01,0.02,10,16,1,320,574,455
BIBLE,0.01,0.02,10,16,2,305,574,439
BIBLE,0.01,0.02,10,16,3,300,574,439
BIBLE,0.01,0.02,10,16,4,304,574,455
BIBLE,0.01,0.02,10,16,5,296,574,439
BIBLE,0.01,0.02,10,16,6,299,574,439
BIBLE,0.01,0.02,10,16,7,301,574,439
BIBLE,0.01,0.02,10,32,1,300,574,439
BIBLE,0.01,0.02,10,32,2,301,574,439
BIBLE,0.01,0.02,10,32,3,301,574,439
BIBLE,0.01,0.02,10,32,4,301,574,455
BIBLE,0.01,0.02,10,32,5,311,574,455
BIBLE,0.01,0.02,10,32,6,299,574,439
BIBLE,0.01,0.02,10,32,7,300,574,439
BIBLE,0.01,0.02,10,64,1,302,574,439
BIBLE,0.01,0.02,10,64,2,301,574,455
BIBLE,0.01,0.02,10,64,3,306,574,439
BIBLE,0.01,0.02,10,64,4,301,574,455
BIBLE,0.01,0.02,10,64,5,310,574,439
BIBLE,0.01,0.02,10,64,6,311,574,439
BIBLE,0.01,0.02,10,64,7,293,574,455
BIBLE,0.01,0.02,10,128,1,304,574,439
BIBLE,0.01,0.02,10,128,2,303,574,455
BIBLE,0.01,0.02,10,128,3,307,574,455
BIBLE,0.01,0.02,10,128,4,306,574,455
BIBLE,0.01,0.02,10,128,5,306,574,439
BIBLE,0.01,0.02,10,128,6,294,574,455
BIBLE,0.01,0.02,10,128,7,303,574,439
BIBLE,0.01,0.02,10,256,1,298,574,439
BIBLE,0.01,0.02,10,256,2,299,574,455
BIBLE,0.01,0.02,10,256,3,301,574,455
BIBLE,0.01,0.02,10,256,4,299,574,455
BIBLE,0.01,0.02,10,256,5,299,574,439
BIBLE,0.01,0.02,10,256,6,303,574,455
BIBLE,0.01,0.02,10,256,7,304,574,439
FIFA,0.04,0.05,10,16,1,25960,123,4938
FIFA,0.04,0.05,10,16,2,26072,123,4938
FIFA,0.04,0.05,10,16,3,26266,123,4938
FIFA,0.04,0.05,10,16,4,25767,123,4938
FIFA,0.04,0.05,10,16,5,25886,123,4938
FIFA,0.04,0.05,10,16,6,25850,123,4938
FIFA,0.04,0.05,10,16,7,26021,123,4939
FIFA,0.04,0.05,10,32,1,26508,123,4938
FIFA,0.04,0.05,10,32,2,27990,123,4938
FIFA,0.04,0.05,10,32,3,30364,123,4938
FIFA,0.04,0.05,10,32,4,29053,123,4938
FIFA,0.04,0.05,10,32,5,26363,123,4938
FIFA,0.04,0.05,10,32,6,26097,123,4938
FIFA,0.04,0.05,10,32,7,26129,123,4938
FIFA,0.04,0.05,10,64,1,26141,123,4938
FIFA,0.04,0.05,10,64,2,26406,123,4938
FIFA,0.04,0.05,10,64,3,26292,123,4938
FIFA,0.04,0.05,10,64,4,26277,123,4938
FIFA,0.04,0.05,10,64,5,26255,123,4938
FIFA,0.04,0.05,10,64,6,26149,123,4938
FIFA,0.04,0.05,10,64,7,26154,123,4938
FIFA,0.04,0.05,10,128,1,26283,123,4938
FIFA,0.04,0.05,10,128,2,26232,123,4938
FIFA,0.04,0.05,10,128,3,26384,123,4938
FIFA,0.04,0.05,10,128,4,26716,123,4938
FIFA,0.04,0.05,10,128,5,26174,123,4938
FIFA,0.04,0.05,10,128,6,26369,123,4938
FIFA,0.04,0.05,10,128,7,26253,123,4938
FIFA,0.04,0.05,10,256,1,26174,123,4938
FIFA,0.04,0.05,10,256,2,26359,123,4938
FIFA,0.04,0.05,10,256,3,26248,123,4938
FIFA,0.04,0.05,10,256,4,26289,123,4938
FIFA,0.04,0.05,10,256,5,26323,123,4938
FIFA,0.04,0.05,10,256,6,26348,123,4938
FIFA,0.04,0.05,10,256,7,26530,123,4938
LEVIATHAN,0.0015,0.01,10,16,1,34,240,87
LEVIATHAN,0.0015,0.01,10,16,2,34,240,71
LEVIATHAN,0.0015,0.01,10,16,3,33,240,71
LEVIATHAN,0.0015,0.01,10,16,4,33,240,71
LEVIATHAN,0.0015,0.01,10,16,5,33,240,71
LEVIATHAN,0.0015,0.01,10,16,6,32,240,87
LEVIATHAN,0.0015,0.01,10,16,7,33,240,71
LEVIATHAN,0.0015,0.01,10,32,1,34,240,71
LEVIATHAN,0.0015,0.01,10,32,2,34,240,71
LEVIATHAN,0.0015,0.01,10,32,3,34,240,71
LEVIATHAN,0.0015,0.01,10,32,4,33,240,71
LEVIATHAN,0.0015,0.01,10,32,5,33,240,71
LEVIATHAN,0.0015,0.01,10,32,6,35,240,87
LEVIATHAN,0.0015,0.01,10,32,7,33,240,71
LEVIATHAN,0.0015,0.01,10,64,1,33,240,71
LEVIATHAN,0.0015,0.01,10,64,2,34,240,71
LEVIATHAN,0.0015,0.01,10,64,3,33,240,87
LEVIATHAN,0.0015,0.01,10,64,4,35,240,87
LEVIATHAN,0.0015,0.01,10,64,5,32,240,87
LEVIATHAN,0.0015,0.01,10,64,6,34,240,87
LEVIATHAN,0.0015,0.01,10,64,7,33,240,71
LEVIATHAN,0.0015,0.01,10,128,1,34,240,71
LEVIATHAN,0.0015,0.01,10,128,2,33,240,71
LEVIATHAN,0.0015,0.01,10,128,3,34,240,87
LEVIATHAN,0.0015,0.01,10,128,4,33,240,71
LEVIATHAN,0.0015,0.01,10,128,5,32,240,87
LEVIATHAN,0.0015,0.01,10,128,6,34,240,71
LEVIATHAN,0.0015,0.01,10,128,7,33,240,71
LEVIATHAN,0.0015,0.01,10,256,1,35,240,87
LEVIATHAN,0.0015,0.01,10,256,2,34,240,87
LEVIATHAN,0.0015,0.01,10,256,3,33,240,87
LEVIATHAN,0.0015,0.01,10,256,4,33,240,71
LEVIATHAN,0.0015,0.01,10,256,5,32,240,71
LEVIATHAN,0.0015,0.01,10,256,6,34,240,71
LEVIATHAN,0.0015,0.01,10,256,7,34,240,87
C8T1S5I8N5K,2.0E-5,0.1,10,16,1,1337,461588,7321
C8T1S5I8N5K,2.0E-5,0.1,10,16,2,1344,461588,7321
C8T1S5I8N5K,2.0E-5,0.1,10,16,3,1338,461588,7324
C8T1S5I8N5K,2.0E-5,0.1,10,16,4,1363,461588,7319
C8T1S5I8N5K,2.0E-5,0.1,10,16,5,1362,461588,7319
C8T1S5I8N5K,2.0E-5,0.1,10,16,6,1369,461588,7324
C8T1S5I8N5K,2.0E-5,0.1,10,16,7,1347,461588,7319
C8T1S5I8N5K,2.0E-5,0.1,10,32,1,1366,461588,7321
C8T1S5I8N5K,2.0E-5,0.1,10,32,2,1383,461588,7324
C8T1S5I8N5K,2.0E-5,0.1,10,32,3,1377,461588,7322
C8T1S5I8N5K,2.0E-5,0.1,10,32,4,1363,461588,7326
C8T1S5I8N5K,2.0E-5,0.1,10,32,5,1362,461588,7322
C8T1S5I8N5K,2.0E-5,0.1,10,32,6,1384,461588,7322
C8T1S5I8N5K,2.0E-5,0.1,10,32,7,1377,461588,7323
C8T1S5I8N5K,2.0E-5,0.1,10,64,1,1399,461588,7316
C8T1S5I8N5K,2.0E-5,0.1,10,64,2,1498,461588,7318
C8T1S5I8N5K,2.0E-5,0.1,10,64,3,1530,461588,7319
C8T1S5I8N5K,2.0E-5,0.1,10,64,4,1531,461588,7319
C8T1S5I8N5K,2.0E-5,0.1,10,64,5,1511,461588,7319
C8T1S5I8N5K,2.0E-5,0.1,10,64,6,1484,461588,7322
C8T1S5I8N5K,2.0E-5,0.1,10,64,7,1417,461588,7318
C8T1S5I8N5K,2.0E-5,0.1,10,128,1,1508,461588,7303
C8T1S5I8N5K,2.0E-5,0.1,10,128,2,1493,461588,7305
C8T1S5I8N5K,2.0E-5,0.1,10,128,3,1555,461588,7305
C8T1S5I8N5K,2.0E-5,0.1,10,128,4,1613,461588,7309
C8T1S5I8N5K,2.0E-5,0.1,10,128,5,1589,461588,7305
C8T1S5I8N5K,2.0E-5,0.1,10,128,6,1604,461588,7304
C8T1S5I8N5K,2.0E-5,0.1,10,128,7,1628,461588,7303
C8T1S5I8N5K,2.0E-5,0.1,10,256,1,1633,461588,7303
C8T1S5I8N5K,2.0E-5,0.1,10,256,2,1517,461588,7305
C8T1S5I8N5K,2.0E-5,0.1,10,256,3,1714,461588,7305
C8T1S5I8N5K,2.0E-5,0.1,10,256,4,1596,461588,7308
C8T1S5I8N5K,2.0E-5,0.1,10,256,5,1632,461588,7307
C8T1S5I8N5K,2.0E-5,0.1,10,256,6,1604,461588,7308
C8T1S5I8N5K,2.0E-5,0.1,10,256,7,1685,461588,7308
